id	name	type	faction	rarity	cost	stats	abilities
21	Goldsworn Recruit	Champion	Crimson	Common	1	2/1	Swiftstrike
22	Coppercoil Sprite	Champion	Crimson	Common	1	1/1	Swiftstrike
23	Minted Sentry	Champion	Crimson	Common	1	2/2	Swiftstrike
27	Penny Ante Scout	Champion	Crimson	Common	1	2/1	Swiftstrike
28	Bullion Sentinel	Champion	Crimson	Uncommon	3	2/3	Quickdraw
29	Tarnished Brute	Champion	Crimson	Uncommon	2	3/1	obj(Scorch t=on_cast e=damage_relic v=2) | Quickdraw | Overrun
30	Coinflip Imp	Champion	Crimson	Common	1	2/1	Swiftstrike | Intimidate
31	Siege Vaulter	Champion	Crimson	Rare	3	3/2	obj(Scorch t=on_cast e=damage_relic v=2) | Swiftstrike | Overrun
33	Mint Guard	Champion	Crimson	Rare	3	2/4	Quickdraw
35	Quick Deal	Spell	Crimson	Common	1	null/null	obj(Quick Deal t=on_cast e=draw_cards v=1)
36	Gold Rush	Spell	Crimson	Common	2	null/null	obj(Gold Rush t=on_cast e=ramp_search_land v=1)
38	Payday Advance	Spell	Crimson	Common	1	null/null	obj(Payday Advance t=on_cast e=draw_cards v=1)
39	Hostile Takeover	Spell	Crimson	Common	3	null/null	obj(Hostile Takeover t=on_cast e=damage_all_enemies v=2)
40	Penny-pincher	Champion	Crimson	Uncommon	3	1/4	Quickdraw
61	Canopy Scout	Champion	Sunforged	Uncommon	3	3/2	Overrun
62	Mossback Beetle	Champion	Sunforged	Rare	3	2/4	Keen Eye | Guard
63	Thornback Boar	Champion	Sunforged	Uncommon	4	3/3	Overrun
64	Rootgrinder Elephant	Champion	Sunforged	Legendary	5	4/4	obj(Overrun t=static e=trample v=0) | obj(Stampede t=attacks e=create_token v=1) | obj(Keen Eye t=static e=vigilance v=0)
65	Feral Prowler	Champion	Sunforged	Uncommon	3	3/1	Swiftstrike
66	Sporecap Drake	Champion	Sunforged	Uncommon	4	3/3	Flying | obj(Spore Trail t=enter_battlefield e=ramp_search_land v=1)
67	Verdant Colossus	Champion	Sunforged	Legendary	5	5/5	obj(Overrun t=static e=trample v=0) | obj(Verdant Aura t=static e=pump_all_champions v=1) | obj(Keen Eye t=static e=vigilance v=0)
68	Briarfox Stalker	Champion	Sunforged	Uncommon	3	2/3	Keen Eye | obj(Pathfinder t=enter_battlefield e=ramp_search_land v=1)
69	Fungal Husk	Champion	Sunforged	Uncommon	4	4/2	Swiftstrike
70	Ancient Treant	Champion	Sunforged	Mythic	5	3/6	destroy_enchantment | Keen Eye | Overrun
71	Wildwood Alpha	Champion	Sunforged	Mythic	4	4/3	Overrun | obj(Alpha Call t=enter_battlefield e=ramp_search_land v=1)
72	Vinelash Serpent	Champion	Sunforged	Legendary	5	4/4	obj(Overrun t=static e=trample v=0) | obj(Vine Lash t=attacks e=damage_random_enemy v=2) | obj(Keen Eye t=static e=vigilance v=0)
73	Mosshide Druid	Champion	Sunforged	Uncommon	3	1/3	Keen Eye | obj(Nature's Gift t=enter_battlefield e=ramp_search_land v=1)
74	Thornmantle Bison	Champion	Sunforged	Uncommon	4	4/3	destroy_enchantment
75	Overgrowth	Spell	Sunforged	Common	3	null/null	obj(Overgrowth t=on_cast e=create_token v=2)
76	Wild Rage	Spell	Sunforged	Common	4	null/null	obj(Wild Rage t=on_cast e=damage_random_enemy v=4)
77	Nature's Rebuke	Spell	Sunforged	Uncommon	3	null/null	obj(Nature's Rebuke t=on_cast e=destroy_weakest_enemy v=3) | obj(Rampant Growth t=on_cast e=ramp_search_land v=1)
78	Season of Growth	Spell	Sunforged	Rare	5	null/null	obj(Season of Growth t=on_cast e=draw_cards v=3)
79	Feral Instinct	Spell	Sunforged	Common	3	null/null	obj(Feral Instinct t=on_cast e=create_token v=1)
80	Mycelium Burst	Spell	Sunforged	Common	5	null/null	obj(Mycelium Burst t=on_cast e=damage_all_enemies v=3)
101	Plague Rat	Champion	Lantern	Common	1	1/1	Deathshroud
104	Mire Horror	Champion	Lantern	Rare	3	3/2	destroy_enchantment | Ominous
105	Graveshambler	Champion	Lantern	Mythic	3	2/3	Siphon | Recall 1
106	Blightcrawler	Champion	Lantern	Uncommon	4	3/3	Deathshroud
107	Dread Knight	Champion	Lantern	Mythic	4	4/3	Deathshroud | Recall 1
108	Carrion Thrull	Champion	Lantern	Uncommon	3	2/2	Siphon
109	Vilespawn Spider	Champion	Lantern	Uncommon	4	3/4	Deathshroud | Guard
111	Noxious Wyrm	Champion	Lantern	Legendary	5	4/4	obj(Deathshroud t=static e=deathtouch v=0) | obj(Siphon t=static e=lifelink v=0) | obj(Plague Breath t=end_of_turn e=drain_all_opponents v=1)
112	Blightlord	Champion	Lantern	Legendary	5	3/5	obj(Deathshroud t=static e=deathtouch v=0) | obj(Siphon t=static e=lifelink v=0) | obj(Blight Aura t=static e=pump_all_champions v=1)
113	Dusk Revenant	Champion	Lantern	Uncommon	4	4/2	Swiftstrike
114	Mire Serpent	Champion	Lantern	Uncommon	5	4/3	Deathshroud | Recall 1
115	Gnarlroot Devourer	Champion	Lantern	Legendary	5	5/4	obj(Deathshroud t=static e=deathtouch v=0) | obj(Devour t=attacks e=destroy_weakest_enemy v=5) | obj(Siphon t=static e=lifelink v=0)
116	Wretched Ghoul	Champion	Lantern	Uncommon	3	3/1	Swiftstrike | Ominous
117	Bloodghast	Champion	Lantern	Common	1	2/1	Deathshroud | Recall 1
119	Soul Drain	Spell	Lantern	Common	3	null/null	obj(Soul Drain t=on_cast e=drain_life v=3)
143	Brine Elemental	Champion	Gilded	Rare	3	3/3	Intimidate | Flying
144	Abyssal Leviathan	Champion	Gilded	Legendary	4	5/4	obj(Flying t=static e=flying v=0) | obj(Intimidate t=static e=menace v=0) | obj(Abyssal Roar t=enter_battlefield e=bounce_enemies v=2)
145	Fathom Reader	Champion	Gilded	Uncommon	2	2/2	Flying | obj(Fathom Chart t=enter_battlefield e=ramp_search_land v=1)
147	Maelstrom Maw	Champion	Gilded	Legendary	4	4/5	obj(Flying t=static e=flying v=0) | obj(Intimidate t=static e=menace v=0) | obj(Maelstrom Pull t=attacks e=tap_enemy_champion v=1)
149	Deep Diver	Champion	Gilded	Uncommon	1	2/1	Swiftstrike | Flying | obj(Deep Scan t=enter_battlefield e=ramp_search_land v=1)
150	Riptide Shark	Champion	Gilded	Uncommon	3	4/2	Flying
151	Marbleback Turtle	Champion	Gilded	Mythic	4	2/6	Keen Eye | Bastion | Flying
152	Whirlpool Djinn	Champion	Gilded	Mythic	4	4/3	bounce_enchantment | Flying
153	Saltwater Drake	Champion	Gilded	Uncommon	3	3/3	bounce_enchantment | Flying
156	Vortex Eel	Champion	Gilded	Uncommon	3	4/3	Flying
157	Spire Kraken	Champion	Gilded	Legendary	4	5/5	obj(Flying t=static e=flying v=0) | obj(Intimidate t=static e=menace v=0) | obj(Kraken Wake t=attacks e=damage_random_enemy v=3)
158	Tidecall	Spell	Gilded	Common	3	null/null	obj(Tidecall t=on_cast e=bounce_two_enemies v=0)
159	Abyssal Surge	Spell	Gilded	Common	4	null/null	obj(Abyssal Surge t=on_cast e=damage_all_enemies v=2)
160	Riptide Crush	Spell	Gilded	Rare	5	null/null	obj(Riptide Crush t=on_cast e=bounce_all_enemies v=2)
161	Ironclad Automaton	Champion	Colorless	Common	1	1/1	Swiftstrike
162	Copper Golem	Champion	Colorless	Common	2	2/1	Swiftstrike
163	Rustwork Sentinel	Champion	Colorless	Rare	3	2/3	Keen Eye | Guard
164	Clockwork Spider	Champion	Colorless	Common	2	1/2	Deathshroud
165	Steelshaper Mage	Champion	Colorless	Mythic	3	2/2	obj(Disenchant t=on_cast e=destroy_relic v=0)
166	Bronze Colossus	Champion	Colorless	Legendary	5	4/4	obj(Keen Eye t=static e=vigilance v=0) | obj(Overrun t=static e=trample v=0) | obj(Fortify t=enter_battlefield e=create_token v=2)
167	Geargrind Construct	Champion	Colorless	Mythic	4	3/3	Quickdraw
168	Tin Legionnaire	Champion	Colorless	Uncommon	3	3/2	Swiftstrike
169	Whetstone Gargoyle	Champion	Colorless	Common	2	2/2	Deathshroud
171	Grindstone Guardian	Champion	Colorless	Mythic	4	3/4	Keen Eye | Bastion
172	Ironfang Wolf	Champion	Colorless	Uncommon	3	3/2	Swiftstrike
174	Pistonhammer Dwarf	Champion	Colorless	Uncommon	4	4/3	Quickdraw
179	Tanglewire Effigy	Champion	Colorless	Common	1	1/1	Flying
181	Boulderback Ox	Champion	Colorless	Legendary	4	4/4	obj(Overrun t=static e=trample v=0) | obj(Keen Eye t=static e=vigilance v=0) | obj(Bull Rush t=attacks e=damage_random_enemy v=2)
185	Bolt	Spell	Colorless	Common	1	null/null	obj(Bolt t=on_cast e=damage_any_target v=2)
186	Reinforce	Spell	Colorless	Common	2	null/null	obj(Reinforce t=on_cast e=create_token v=1)
187	Scrap Salvage	Spell	Colorless	Common	1	null/null	obj(Scrap Salvage t=on_cast e=return_from_graveyard v=1)
189	Disassemble	Spell	Colorless	Common	2	null/null	obj(Disassemble t=on_cast e=destroy_relic v=0)
190	Chain Lightning	Spell	Colorless	Common	3	null/null	obj(Chain Lightning t=on_cast e=damage_two_targets v=2)
191	Fortify	Spell	Colorless	Common	2	null/null	obj(Fortify t=on_cast e=create_token v=1)
192	Mass Recall	Spell	Colorless	Common	4	null/null	obj(Mass Recall t=on_cast e=bounce_all_enemies v=2)
193	Rust	Spell	Colorless	Common	1	null/null	obj(Rust t=on_cast e=damage_random_enemy v=1)
194	Forge Shield	Spell	Colorless	Common	3	null/null	obj(Forge Shield t=on_cast e=create_token v=2)
196	Neutralize	Spell	Colorless	Common	2	null/null	obj(Neutralize t=on_cast e=bounce_champion v=0)
198	Scrapheap Purge	Spell	Colorless	Common	3	null/null	obj(Scrapheap Purge t=on_cast e=destroy_weakest_enemy v=3)
199	Pandemonium	Spell	Colorless	Rare	7	null/null	obj(Pandemonium t=on_cast e=damage_all_enemies v=5)
200	Winding Constrictor	Champion	Colorless	Legendary	7	5/7	obj(Keen Eye t=static e=vigilance v=0) | obj(Overrun t=static e=trample v=0) | obj(Constrict t=static e=pump_all_champions v=1)
201	Eruption	Spell	Crimson	Common	2	null/null	obj(Eruption t=on_cast e=damage_random_enemy v=3)
203	Magma Volley	Spell	Crimson	Common	4	null/null	obj(Magma Volley t=on_cast e=damage_two_targets v=2)
204	Ashfall	Spell	Crimson	Common	1	null/null	obj(Ashfall t=on_cast e=damage_any_target v=2)
205	Caldera Blast	Spell	Crimson	Rare	5	null/null	obj(Caldera Blast t=on_cast e=damage_all_enemies v=4)
207	Verdant Bounty	Spell	Sunforged	Common	2	null/null	obj(Verdant Bounty t=on_cast e=create_token v=2)
208	Rootbind	Spell	Sunforged	Common	1	null/null	obj(Rootbind t=on_cast e=ramp_search_land v=1)
209	Timber Snap	Spell	Sunforged	Common	3	null/null	obj(Timber Snap t=on_cast e=damage_random_enemy v=3)
210	Wildfire Bloom	Spell	Sunforged	Common	4	null/null	obj(Wildfire Bloom t=on_cast e=damage_all_enemies v=2)
211	Canopy Crash	Spell	Sunforged	Uncommon	3	null/null	obj(Canopy Crash t=on_cast e=damage_random_enemy v=3) | obj(Wild Growth t=on_cast e=ramp_search_land v=1)
212	Nature's Claim	Spell	Sunforged	Common	2	null/null	obj(Nature's Claim t=on_cast e=destroy_relic v=0)
213	Dark Ritual	Spell	Lantern	Common	1	null/null	obj(Dark Ritual t=on_cast e=ramp_search_land v=2)
214	Grave Pact	Spell	Lantern	Rare	3	null/null	obj(Grave Pact t=on_cast e=destroy_all_enemies v=0)
215	Entomb	Spell	Lantern	Common	2	null/null	obj(Entomb t=on_cast e=return_from_graveyard v=1)
217	Necrotic Touch	Spell	Lantern	Common	3	null/null	obj(Necrotic Touch t=on_cast e=destroy_weakest_enemy v=3)
218	Siphon Life	Spell	Lantern	Common	2	null/null	obj(Siphon Life t=on_cast e=drain_life v=2)
219	Tidal Lock	Spell	Gilded	Common	2	null/null	obj(Tidal Lock t=on_cast e=tap_enemy_champion v=1)
220	Flood Surge	Spell	Gilded	Common	3	null/null	obj(Flood Surge t=on_cast e=bounce_champion v=0)
221	Whirlpool	Spell	Gilded	Common	4	null/null	obj(Whirlpool t=on_cast e=bounce_two_enemies v=0)
222	Brine Wave	Spell	Gilded	Uncommon	1	null/null	obj(Brine Wave t=on_cast e=draw_cards v=1) | obj(Tidal Pool t=on_cast e=ramp_search_land v=1)
223	Depth Charge	Spell	Gilded	Common	5	null/null	obj(Depth Charge t=on_cast e=damage_all_enemies v=4)
224	Undertow Pull	Spell	Gilded	Uncommon	3	null/null	obj(Undertow Pull t=on_cast e=bounce_champion v=0) | obj(Depths Beckon t=on_cast e=ramp_search_land v=1)
225	Runic Infusion	Spell	Colorless	Common	1	null/null	obj(Runic Infusion t=on_cast e=ramp_search_land v=1)
228	Pulse Drain	Spell	Colorless	Common	4	null/null	obj(Pulse Drain t=on_cast e=drain_life v=4)
229	World Shatter	Spell	Colorless	Common	6	null/null	obj(World Shatter t=on_cast e=destroy_all_enemies v=0)
230	Null Surge	Spell	Colorless	Common	5	null/null	obj(Null Surge t=on_cast e=damage_all_enemies v=3)
231	Magma Forge	Relic	Crimson	Common	2	null/null	obj(Magma Forge t=end_of_turn e=damage_random_enemy v=2)
232	Lava Lake	Relic	Crimson	Uncommon	3	null/null	obj(Lava Lake t=end_of_turn e=damage_all_enemies v=2)
233	Ember Heart	Relic	Crimson	Uncommon	1	null/null	obj(Ember Heart t=end_of_turn e=damage_random_enemy v=2)
234	Ashcloud Mantle	Relic	Crimson	Uncommon	4	null/null	obj(Ashcloud Mantle t=static e=pump_all_champions v=2)
236	Molten Shield	Relic	Crimson	Uncommon	2	null/null	obj(Molten Shield t=enter_battlefield e=damage_random_enemy v=2)
238	Pyroclasm Veil	Relic	Crimson	Uncommon	3	null/null	obj(Pyroclasm Veil t=end_of_turn e=damage_all_enemies v=2)
239	Cinderborn Vitality	Relic	Crimson	Uncommon	4	null/null	obj(Cinderborn Vitality t=static e=pump_all_champions v=1)
240	Magma Chamber	Relic	Crimson	Uncommon	2	null/null	obj(Magma Chamber t=end_of_turn e=damage_random_enemy v=2)
241	Heartwood Resonance	Relic	Sunforged	Uncommon	2	null/null	obj(Heartwood Resonance t=static e=pump_all_champions v=1)
242	Canopy Accord	Relic	Sunforged	Uncommon	3	null/null	obj(Canopy Accord t=end_of_turn e=create_token v=1)
243	Spore Bloom	Relic	Sunforged	Uncommon	1	null/null	obj(Spore Bloom t=enter_battlefield e=create_token v=1)
245	Wild Growth	Relic	Sunforged	Uncommon	2	null/null	obj(Wild Growth t=enter_battlefield e=ramp_search_land v=1)
246	Elder Bond	Relic	Sunforged	Uncommon	3	null/null	obj(Elder Bond t=static e=pump_all_champions v=1)
247	Thornwall	Relic	Sunforged	Uncommon	2	null/null	obj(Thornwall t=end_of_turn e=create_token v=1)
249	Mycelium Web	Relic	Sunforged	Uncommon	3	null/null	obj(Mycelium Web t=static e=pump_all_champions v=1)
250	Verdant Crown	Relic	Sunforged	Uncommon	5	null/null	obj(Verdant Crown t=static e=pump_all_champions v=2)
251	Crypt Gate	Relic	Lantern	Uncommon	2	null/null	obj(Crypt Gate t=end_of_turn e=damage_random_enemy v=1)
252	Blight Aura	Relic	Lantern	Uncommon	3	null/null	obj(Blight Aura t=end_of_turn e=drain_all_opponents v=1)
253	Graveyard Pact	Relic	Lantern	Uncommon	4	null/null	obj(Graveyard Pact t=enter_battlefield e=return_from_graveyard v=1)
254	Rot Essence	Relic	Lantern	Uncommon	1	null/null	obj(Rot Essence t=end_of_turn e=drain_all_opponents v=1)
255	Soul Harvest	Relic	Lantern	Uncommon	3	null/null	obj(Soul Harvest t=end_of_turn e=draw_cards v=1)
256	Withering Presence	Relic	Lantern	Uncommon	2	null/null	obj(Withering Presence t=end_of_turn e=damage_random_enemy v=1)
257	Dread Veil	Relic	Lantern	Uncommon	3	null/null	obj(Dread Veil t=end_of_turn e=drain_all_opponents v=2)
258	Corpse Garden	Relic	Lantern	Uncommon	4	null/null	obj(Corpse Garden t=enter_battlefield e=return_from_graveyard v=2)
259	Pestilence Cloud	Relic	Lantern	Uncommon	5	null/null	obj(Pestilence Cloud t=end_of_turn e=drain_all_opponents v=2)
260	Undying Shadow	Relic	Lantern	Uncommon	2	null/null	obj(Undying Shadow t=static e=pump_all_champions v=1)
261	Tidal Bind	Relic	Gilded	Uncommon	2	null/null	obj(Tidal Bind t=end_of_turn e=tap_enemy_champion v=1)
262	Deep Current	Relic	Gilded	Uncommon	3	null/null	obj(Deep Current t=end_of_turn e=draw_cards v=1)
263	Coral Throne	Relic	Gilded	Uncommon	4	null/null	obj(Coral Throne t=static e=pump_all_champions v=2)
264	Riptide Ward	Relic	Gilded	Uncommon	2	null/null	obj(Riptide Ward t=enter_battlefield e=bounce_champion v=0)
265	Abyssal Gaze	Relic	Gilded	Uncommon	3	null/null	obj(Abyssal Gaze t=end_of_turn e=damage_random_enemy v=2)
267	Brine Mist	Relic	Gilded	Uncommon	2	null/null	obj(Brine Mist t=end_of_turn e=tap_enemy_champion v=1)
268	Leviathan Wake	Relic	Gilded	Uncommon	5	null/null	obj(Leviathan Wake t=enter_battlefield e=bounce_enemies v=2)
269	Undertow Snare	Relic	Gilded	Uncommon	3	null/null	obj(Undertow Snare t=end_of_turn e=tap_enemy_champion v=1)
270	Fathom Ward	Relic	Gilded	Uncommon	2	null/null	obj(Fathom Ward t=end_of_turn e=draw_cards v=1)
273	Runic Barrier	Relic	Colorless	Uncommon	2	null/null	obj(Runic Barrier t=enter_battlefield e=create_token v=1)
275	Null Field	Relic	Colorless	Uncommon	3	null/null	obj(Null Field t=end_of_turn e=damage_random_enemy v=2)
278	Soulstone	Relic	Colorless	Uncommon	4	null/null	obj(Soulstone t=enter_battlefield e=return_from_graveyard v=1)
279	Void Pact	Relic	Colorless	Uncommon	2	null/null	obj(Void Pact t=end_of_turn e=drain_all_opponents v=1)
280	Nexus Anchor	Relic	Colorless	Uncommon	6	null/null	obj(Nexus Anchor t=static e=extra_land_per_turn v=1)
281	Lava Dart	Instant	Crimson	Uncommon	1	null/null	obj(Lava Dart t=on_cast e=damage_any_target v=2)
282	Flame Burst	Instant	Crimson	Uncommon	3	null/null	obj(Flame Burst t=on_cast e=damage_random_enemy v=4)
283	Magma Spray	Instant	Crimson	Uncommon	2	null/null	obj(Magma Spray t=on_cast e=damage_random_enemy v=3)
284	Volcanic Hammer	Instant	Crimson	Uncommon	3	null/null	obj(Volcanic Hammer t=on_cast e=damage_random_enemy v=4)
285	Ember Gale	Instant	Crimson	Uncommon	4	null/null	obj(Ember Gale t=on_cast e=damage_all_enemies v=2)
286	Inferno Trap	Instant	Crimson	Uncommon	2	null/null	obj(Inferno Trap t=on_cast e=damage_random_enemy v=3)
287	Ash Cloud	Instant	Crimson	Uncommon	2	null/null	obj(Ash Cloud t=on_cast e=damage_all_enemies v=1)
288	Magma Quake	Instant	Crimson	Uncommon	4	null/null	obj(Magma Quake t=on_cast e=damage_all_enemies v=3)
289	Firebrand	Instant	Crimson	Uncommon	3	null/null	obj(Firebrand t=on_cast e=damage_two_targets v=2)
290	Cinder Storm	Instant	Crimson	Uncommon	4	null/null	obj(Cinder Storm t=on_cast e=damage_all_enemies v=3)
291	Giant Growth	Instant	Sunforged	Uncommon	1	null/null	obj(Giant Growth t=on_cast e=create_token v=1)
292	Vine Snare	Instant	Sunforged	Uncommon	3	null/null	obj(Vine Snare t=on_cast e=bounce_champion v=0)
293	Nature's Bounty	Instant	Sunforged	Uncommon	2	null/null	obj(Nature's Bounty t=on_cast e=draw_cards v=1) | obj(Forage t=on_cast e=ramp_search_land v=1)
294	Bramble Bash	Instant	Sunforged	Uncommon	3	null/null	obj(Bramble Bash t=on_cast e=damage_random_enemy v=3)
295	Root Shield	Instant	Sunforged	Uncommon	3	null/null	obj(Root Shield t=on_cast e=create_token v=2)
296	Wild Charge	Instant	Sunforged	Uncommon	4	null/null	obj(Wild Charge t=on_cast e=damage_random_enemy v=4)
297	Overgrow	Instant	Sunforged	Uncommon	2	null/null	obj(Overgrow t=on_cast e=create_token v=1)
298	Timber Salvo	Instant	Sunforged	Uncommon	4	null/null	obj(Timber Salvo t=on_cast e=damage_all_enemies v=2)
299	Feral Charge	Instant	Sunforged	Uncommon	3	null/null	obj(Feral Charge t=on_cast e=create_token v=1)
300	Nature's Resolve	Instant	Sunforged	Uncommon	2	null/null	obj(Nature's Resolve t=on_cast e=draw_cards v=2) | obj(Bountiful Harvest t=on_cast e=ramp_search_land v=1)
301	Fatal Push	Instant	Lantern	Uncommon	1	null/null	obj(Fatal Push t=on_cast e=destroy_weakest_enemy v=1)
302	Doom Blade	Instant	Lantern	Uncommon	3	null/null	obj(Doom Blade t=on_cast e=destroy_weakest_enemy v=3)
303	Dark Bargain	Instant	Lantern	Uncommon	3	null/null	obj(Dark Bargain t=on_cast e=draw_cards v=2)
304	Soul Reap	Instant	Lantern	Uncommon	3	null/null	obj(Soul Reap t=on_cast e=destroy_weakest_enemy v=3)
305	Withering Gaze	Instant	Lantern	Uncommon	2	null/null	obj(Withering Gaze t=on_cast e=damage_random_enemy v=2)
306	Grasp of Darkness	Instant	Lantern	Uncommon	4	null/null	obj(Grasp of Darkness t=on_cast e=destroy_weakest_enemy v=4)
307	Drain Life	Instant	Lantern	Uncommon	3	null/null	obj(Drain Life t=on_cast e=drain_life v=3)
308	Ghoul Call	Instant	Lantern	Uncommon	3	null/null	obj(Ghoul Call t=on_cast e=create_token v=1)
309	Pestilence	Instant	Lantern	Uncommon	4	null/null	obj(Pestilence t=on_cast e=drain_all_opponents v=3)
310	Dead Weight	Instant	Lantern	Uncommon	2	null/null	obj(Dead Weight t=on_cast e=damage_random_enemy v=2)
311	Boomerang	Instant	Gilded	Uncommon	3	null/null	obj(Boomerang t=on_cast e=bounce_champion v=0)
312	Into the Roil	Instant	Gilded	Uncommon	3	null/null	obj(Into the Roil t=on_cast e=bounce_champion v=0)
313	Counterspell	Instant	Gilded	Uncommon	4	null/null	obj(Counterspell t=on_cast e=bounce_all_enemies v=1)
314	Aether Snag	Instant	Gilded	Uncommon	2	null/null	obj(Aether Snag t=on_cast e=bounce_champion v=0) | obj(Abyssal Path t=on_cast e=ramp_search_land v=1)
315	Flood Recede	Instant	Gilded	Uncommon	2	null/null	obj(Flood Recede t=on_cast e=bounce_champion v=0)
316	Distant Melody	Instant	Gilded	Uncommon	3	null/null	obj(Distant Melody t=on_cast e=draw_cards v=2) | obj(Mariner's Guide t=on_cast e=ramp_search_land v=1)
317	Deep Sea Serpent	Instant	Gilded	Uncommon	2	null/null	obj(Deep Sea Serpent t=on_cast e=damage_random_enemy v=3)
318	Tidal Surge	Instant	Gilded	Uncommon	4	null/null	obj(Tidal Surge t=on_cast e=bounce_two_enemies v=0)
319	Rift Bolt	Instant	Gilded	Uncommon	2	null/null	obj(Rift Bolt t=on_cast e=damage_random_enemy v=2)
320	Vodalian Tactics	Instant	Gilded	Uncommon	3	null/null	obj(Vodalian Tactics t=on_cast e=damage_two_targets v=2)
321	Mana Leak	Instant	Colorless	Uncommon	2	null/null	obj(Mana Leak t=on_cast e=damage_random_enemy v=2)
322	Repulse	Instant	Colorless	Uncommon	2	null/null	obj(Repulse t=on_cast e=bounce_champion v=0)
323	Disenchant	Instant	Colorless	Uncommon	1	null/null	obj(Disenchant t=on_cast e=destroy_relic v=0)
324	Naturalize	Instant	Colorless	Uncommon	2	null/null	obj(Naturalize t=on_cast e=destroy_relic v=0)
325	Lightning Bolt	Instant	Colorless	Uncommon	1	null/null	obj(Lightning Bolt t=on_cast e=damage_any_target v=3)
326	Fog	Instant	Colorless	Uncommon	1	null/null	obj(Fog t=on_cast e=damage_random_enemy v=1)
328	Chaos Warp	Instant	Colorless	Uncommon	4	null/null	obj(Chaos Warp t=on_cast e=destroy_weakest_enemy v=4)
329	Rush of Adrenaline	Instant	Colorless	Uncommon	2	null/null	obj(Rush of Adrenaline t=on_cast e=damage_random_enemy v=3)
330	Elixir of Immortality	Instant	Colorless	Uncommon	3	null/null	obj(Elixir of Immortality t=on_cast e=drain_life v=3)
331	Mana Surge	Spell	Colorless	Uncommon	2	null/null	obj(Mana Surge t=on_cast e=ramp_search_land v=1)
333	Soul Resonance	Spell	Colorless	Uncommon	3	null/null	obj(Soul Resonance t=on_cast e=return_from_graveyard v=1)
334	Rusted Chain	Relic	Colorless	Uncommon	2	null/null	obj(Rusted Chain t=end_of_turn e=damage_random_enemy v=1)
335	Ore Vein	Relic	Colorless	Uncommon	3	null/null	obj(Ore Vein t=enter_battlefield e=ramp_search_land v=1)
336	Grave Iron	Relic	Colorless	Uncommon	2	null/null	obj(Grave Iron t=static e=pump_all_champions v=1)
337	Wild Sigil	Relic	Colorless	Uncommon	3	null/null	obj(Wild Sigil t=end_of_turn e=create_token v=1)
338	Mana Burn	Instant	Colorless	Uncommon	2	null/null	obj(Mana Burn t=on_cast e=damage_random_enemy v=3)
339	Echoing Rebuke	Instant	Colorless	Uncommon	3	null/null	obj(Echoing Rebuke t=on_cast e=damage_two_targets v=2)
340	Corrosive Touch	Instant	Colorless	Uncommon	3	null/null	obj(Corrosive Touch t=on_cast e=destroy_relic v=0)
341	Inferno Sovereign	Champion	Crimson	Mythic	7	6/5	obj(Volcanic Wrath t=enter_battlefield e=damage_all_enemies v=2) | obj(Flame Touch t=tap e=damage_any_target v=1) | obj(Swiftstrike t=static e=haste v=0) | obj(Quickdraw t=static e=first_strike v=0)
342	Emberheart Titan	Champion	Crimson	Mythic	6	5/4	obj(Sacrificial Flame t=once_per_turn e=sacrifice_then_damage v=3 OT) | obj(Swiftstrike t=static e=haste v=0)
343	Worldtree Ancient	Champion	Sunforged	Mythic	7	5/8	obj(Worldsprout t=enter_battlefield e=create_token v=2) | obj(Keen Eye t=static e=vigilance v=0) | obj(Overrun t=static e=trample v=0)
344	Verdant Sovereign	Champion	Sunforged	Mythic	6	6/6	obj(Overrun t=static e=trample v=0) | obj(Overgrowth t=attacks e=create_token v=1) | obj(Keen Eye t=static e=vigilance v=0)
345	Lich Lord	Champion	Lantern	Mythic	7	4/6	obj(Undead Recall t=enter_battlefield e=return_from_graveyard v=2) | obj(Soul Tap t=paid_mana e=drain_life v=1) | obj(Deathshroud t=static e=deathtouch v=0) | obj(Siphon t=static e=lifelink v=0) | Recall 2
346	Plague Sovereign	Champion	Lantern	Mythic	6	5/5	obj(Plagueburst t=dies e=destroy_all_enemies v=0) | obj(Pestilence Aura t=end_of_turn e=drain_all_opponents v=2) | obj(Deathshroud t=static e=deathtouch v=0)
347	Leviathan of the Deep	Champion	Gilded	Mythic	7	6/6	obj(Tidal Surge t=enter_battlefield e=bounce_enemies v=2) | obj(Flying t=static e=flying v=0) | obj(Intimidate t=static e=menace v=0)
348	Tidal Sovereign	Champion	Gilded	Mythic	6	4/5	obj(Riptide Command t=attacks e=tap_enemy_champion v=1) | obj(Dismissal Wave t=paid_mana e=bounce_champion v=1) | obj(Flying t=static e=flying v=0) | obj(Intimidate t=static e=menace v=0)
349	Magma Vent	Spell	Crimson	Uncommon	3	null/null	obj(Magma Vent t=on_cast e=ramp_search_land v=1)
350	Obsidian Forge	Relic	Crimson	Uncommon	4	null/null	obj(Obsidian Forge t=static e=double_fire_damage v=1)
351	Grave Tithe	Spell	Lantern	Uncommon	2	null/null	obj(Grave Tithe t=on_cast e=ramp_search_land v=1)
352	Tidal Pool	Spell	Gilded	Uncommon	2	null/null	obj(Tidal Pool t=on_cast e=ramp_search_land v=1)
353	Merfolk Cartographer	Champion	Gilded	Uncommon	2	1/2	obj(Chart Depths t=enter_battlefield e=ramp_search_land v=1)
354	Magma Titan	Champion	Crimson	Legendary	6	5/4	obj(Swiftstrike t=static e=haste v=0) | obj(Molten Fury t=enter_battlefield e=damage_all_enemies v=2) | obj(Lava Blood t=end_of_turn e=damage_random_enemy v=1)
355	Decree of Embers	Decree	Crimson	Uncommon	3	null/null	obj(Decree of Embers t=on_cast e=purge_weakest v=0)
356	Decree of Foresight	Decree	Gilded	Uncommon	2	null/null	obj(Decree of Foresight t=on_cast e=scry_2 v=2)
357	Decree of Renewal	Decree	Sunforged	Uncommon	3	null/null	obj(Decree of Renewal t=on_cast e=ready_two_champions v=1)
358	Decree of Night	Decree	Lantern	Uncommon	3	null/null	obj(Decree of Night t=on_cast e=next_card_costs_less v=2) | obj(Whisper of Dread t=on_cast e=discard_opponent v=1)
359	Arcane Purge	Spell	Colorless	Uncommon	2	null/null	obj(Arcane Purge t=on_cast e=purge_target v=0)
360	Reveal the Veil	Instant	Gilded	Uncommon	1	null/null	obj(Reveal the Veil t=on_cast e=reveal_hidden v=0)
361	Tactical Rest	Instant	Sunforged	Uncommon	2	null/null	obj(Tactical Rest t=on_cast e=ready_all_champions v=0)
362	Echoing Ward	Instant	Gilded	Uncommon	2	null/null	obj(Echoing Ward t=on_cast e=next_opponent_card_costs_more v=2)
363	Shroud-Bound Noble	Champion	Lantern	Uncommon	3	3/3	Recall 1
364	Ominous Ghoul	Champion	Lantern	Common	2	2/2	Ominous
365	Booby-Trapped Treasure	Omen	Crimson	Uncommon	2	null/null	obj(Booby Trap t=ON_OPPONENT_SPELL e=damage_any_target v=3)
366	Igneous Berserker	Champion	Crimson	Rare	3	3/2	Ominous | obj(Wild Rampage t=ON_COMBAT_DAMAGE e=pump_self_stats v=2) | Overrun
367	Dazzling Reflective Barrier	Omen	Sunforged	Uncommon	3	null/null	obj(Mirrorstrike t=ON_COMBAT_DAMAGE e=tap_enemy_champion v=1) | obj(Polished Guard t=ON_COMBAT_DAMAGE e=ready_champion v=1)
368	Sol-Guard Aegis	Champion	Sunforged	Uncommon	3	1/5	Ominous | obj(Radiant Bastion t=ON_COMBAT_DAMAGE e=reduce_combat_damage_all v=1)
369	Grave-Gasp Ambush	Omen	Lantern	Uncommon	2	null/null	obj(Grave-Gasp t=ON_ALLY_DIES e=purge_weakest v=1) | obj(Feast on Death t=ON_ALLY_DIES e=drain_life v=2)
370	Grave-Binder Korath	Champion	Lantern	Uncommon	3	2/3	Ominous | obj(Bind the Fallen t=ON_ALLY_DIES e=return_from_graveyard v=1)
371	Grand Heist Substitution	Omen	Gilded	Uncommon	3	null/null	obj(Grand Heist t=ON_OPPONENT_SPELL e=swap_champion v=1)
372	Clockwork Impostor	Champion	Gilded	Uncommon	2	2/2	Ominous | obj(Assumed Identity t=END_OF_TURN e=next_card_costs_less v=2)
373	Rogue's Loaded Deck	Omen	Colorless	Uncommon	2	null/null	obj(Loaded Deck t=START_OF_TURN e=opponent_chooses_purge v=1)
374	Chronos Paradigm Shift	Omen	Colorless	Mythic	4	null/null	obj(Paradigm Shift t=END_OF_TURN e=invert_stats_all v=1)
485	Zealot Vanguard	Champion	Zealot	Common	2	1/4	Guard | Bastion
487	Pilgrim of the Blade	Champion	Zealot	Common	1	2/1	Swiftstrike
493	War Priest	Champion	Zealot	Uncommon	3	3/3	obj(Smite on Strike t=attacks e=damage_random_enemy v=2 OT)
494	Edict of Purity	Decree	Zealot	Uncommon	4	null/null	obj(Cleanse the Impure t=on_cast e=purge_weakest v=null)
495	Zealot Horseman	Champion	Zealot	Uncommon	4	4/3	Overrun | Quickdraw
496	Martyr of the Crusade	Champion	Zealot	Uncommon	3	2/2	obj(Sacred Vengeance t=dies e=damage_all_enemies v=2)
497	Shield of Devotion	Instant	Zealot	Uncommon	1	null/null	obj(Aegis of Light t=on_cast e=reduce_combat_damage_all v=3)
498	Crusader of the Host	Champion	Zealot	Uncommon	5	4/5	Guard | obj(Vanguard Push t=attacks e=ready_champion v=1 OT)
499	Grand Inquisition	Decree	Zealot	Uncommon	5	null/null	obj(Absolute Judgment t=on_cast e=opponent_chooses_purge v=1)
501	Archon of the Faith	Champion	Zealot	Mythic	6	5/6	Bastion | Siphon | obj(Aura of Sanctity t=end_of_turn e=gain_life v=3 OT)
503	Paladin of the Order	Champion	Zealot	Rare	4	3/5	Guard | obj(Righteous Smite t=attacks e=drain_life v=2)
504	Purifying Flame	Spell	Zealot	Rare	6	null/null	obj(Scour the Unholy t=on_cast e=destroy_all_enemies v=null)
505	High Priestess	Champion	Zealot	Rare	5	2/6	obj(Radiant Blessing t=on_gain_life e=buff_all_allies v=1) | obj(Sanctuary t=end_of_turn e=gain_life v=2 OT)
506	Cathedral of Zeal	Domain	Zealot	Uncommon	4	null/null	obj(Hallowed Ground t=on_champion_played e=gain_life v=2)
507	Saint-General	Champion	Zealot	Legendary	6	6/5	Keen Eye | obj(Crusader's Command t=enter_battlefield e=ready_all_champions v=null) | obj(Inspirational Advance t=attacks e=buff_all_allies v=2 OT)
508	Avatar of the Flame	Champion	Zealot	Mythic	8	8/8	Overrun | Deathshroud | obj(Wrath of the Heavens t=enter_battlefield e=damage_all_enemies v=4) | obj(Holy Desolation t=attacks e=purge_weakest v=null OT)
509	Penitent Initiate	Champion	Zealot	Common	1	1/2	Swiftstrike
510	Censer Guard	Champion	Zealot	Common	2	2/2	Guard
514	Flame-Bound Ascetic	Champion	Zealot	Uncommon	3	2/2	Siphon | obj(Zealous Resolve t=on_gain_life e=pump_self_stats v=1)
515	Temple Justiciar	Champion	Zealot	Uncommon	4	3/4	Keen Eye | obj(Inquisitor's Strike t=attacks e=damage_random_enemy v=2)
516	Dawn Crusader	Champion	Zealot	Uncommon	4	4/3	Overrun
517	High Standard-Bearer	Champion	Zealot	Rare	5	3/5	Guard | obj(Aura of Devotion t=attacks e=buff_all_allies v=1 OT)
518	Righteous Arbiter	Champion	Zealot	Rare	5	4/4	obj(Divine Judgment t=enter_battlefield e=purge_weakest v=null)
519	Grand Executioner of Faith	Champion	Zealot	Mythic	6	5/5	Intimidate | obj(Smite the Unworthy t=attacks e=damage_any_target v=3 OT)
521	Golden Altar Cloth	Relic	Zealot	Common	2	null/null	obj(Holy Fortitude t=static e=buff_ally_toughness v=1)
522	Tome of Sacred Vows	Relic	Zealot	Common	2	null/null	obj(Inspiration of Truth t=on_gain_life e=scry_1 v=null)
523	Candle of the Eternal Vigil	Relic	Zealot	Uncommon	2	null/null	obj(Unwavering Light t=on_champion_played e=gain_life v=1)
524	Vessel of Radiant Grace	Relic	Zealot	Uncommon	3	null/null	obj(Amplified Healing t=static e=drain_heal_extra v=1)
526	Scourge of the Impure	Relic	Zealot	Uncommon	3	null/null	obj(Purifying Retribution t=on_ally_dies e=damage_random_enemy v=2)
527	Shrine of the First Martyr	Relic	Zealot	Uncommon	4	null/null	obj(Martyr's Return t=on_ally_dies e=gain_life v=3)
528	Solar Monstrance	Relic	Zealot	Uncommon	4	null/null	obj(Blinding Radiance t=end_of_turn e=damage_all_enemies v=1 OT)
529	Reliquary of the Divine Sun	Relic	Zealot	Rare	5	null/null	obj(Resurrection of Saints t=paid_mana e=return_from_graveyard v=1 OT)
533	Purge the Unbeliever	Spell	Zealot	Uncommon	3	null/null	obj(Purging Fire t=on_cast e=purge_weakest v=null)
534	Sacred Dawn	Spell	Zealot	Uncommon	3	null/null	obj(Divine Light t=on_cast e=draw_cards v=2)
535	Pillar of Light	Spell	Zealot	Uncommon	4	null/null	obj(Searing Column t=on_cast e=damage_any_target v=5)
536	Wrath of the Crusade	Spell	Zealot	Uncommon	5	null/null	obj(Cleansing Storm t=on_cast e=damage_all_enemies v=3)
537	Divine Intervention	Spell	Zealot	Rare	5	null/null	obj(Miraculous Favor t=on_cast e=return_from_graveyard v=1)
538	Final Consecration	Spell	Zealot	Rare	7	null/null	obj(Total Annihilation t=on_cast e=purge_all_enemies v=null)
539	Flash of Radiance	Instant	Zealot	Common	1	null/null	obj(Blinding Strike t=on_cast e=stat_change_target)
540	Righteous Aegis	Instant	Zealot	Common	1	null/null	obj(Shielding Light t=on_cast e=stat_change_target)
541	Zealous Parry	Instant	Zealot	Common	2	null/null	obj(Defensive Burst t=on_cast e=reduce_combat_damage_all v=2)
542	Smite the Shadow	Instant	Zealot	Uncommon	2	null/null	obj(Instant Purge t=on_cast e=destroy_omen v=null)
543	Sunburst	Instant	Zealot	Uncommon	2	null/null	obj(Blinding Flash t=on_cast e=tap_enemy_champion v=1)
544	Holy Rebuke	Instant	Zealot	Uncommon	3	null/null	obj(Retaliatory Drain t=on_cast e=drain_life v=3)
545	Call to the Faithful	Instant	Zealot	Uncommon	3	null/null	obj(Instant Rally t=on_cast e=ready_champion v=1)
546	Martyr's Sacrifice	Instant	Zealot	Uncommon	3	null/null	obj(Sacrifice for Radiance t=on_cast e=sacrifice_then_damage v=4)
547	Sanctified Barrier	Instant	Zealot	Uncommon	4	null/null	obj(Total Ward t=on_cast e=reduce_combat_damage_all v=5)
550	Decree of Excommunication	Decree	Zealot	Uncommon	4	null/null	obj(Banishment t=on_cast e=purge_target v=null)
551	Decree of Holy War	Decree	Zealot	Uncommon	5	null/null	obj(Mobilize the Faithful t=on_cast e=ready_all_champions v=null)
552	Edict of Retribution	Decree	Zealot	Uncommon	6	null/null	obj(Severe Judgment t=on_cast e=opponent_chooses_purge v=2)
553	Omen of the Burning Seal	Omen	Zealot	Uncommon	2	null/null	obj(Searing Rebuttal t=ON_COMBAT_DAMAGE e=damage_any_target v=2)
554	Omen of Martyrdom	Omen	Zealot	Uncommon	3	null/null	obj(Ascension Light t=ON_ALLY_DIES e=omen_return_ally_with_1_life v=null)
555	Cathedral of the Sun	Domain	Zealot	Uncommon	3	null/null	obj(Holy Citadel t=on_gain_life e=buff_all_allies v=1)
576	Zealot Initiate	Champion	Zealot	Common	1	2/1	Swiftstrike
577	Temple Defender	Champion	Zealot	Common	2	1/3	Guard
578	Ascetic Crusader	Champion	Zealot	Common	3	3/2	Siphon
579	Sacred Paladin	Champion	Zealot	Uncommon	4	3/4	Bastion | Guard
580	High Inquisitor Vael	Champion	Zealot	Legendary	5	4/5	Keen Eye | obj(Purge the Faithless t=enter_battlefield e=purge_target v=null) | obj(Inquisitorial Wrath t=attacks e=damage_any_target v=2 OT)
581	Aurelia, Archangel of Zeal	Champion	Zealot	Mythic	7	7/7	Flying | Siphon | Overrun | obj(Divine Cleansing t=enter_battlefield e=purge_all_enemies v=null) | obj(Blessing of the Host t=attacks e=buff_all_allies v=2 OT)
1011	Open Vein	Decree	Crimson	Uncommon	1	null/null	obj(Open Vein: Sacrifice Then Draw t=on_cast e=sacrifice_then_draw v=1)
1012	Ruby Funeral Cup	Relic	Crimson	Uncommon	2	null/null	obj(Ruby Funeral Cup: Drain Heal Extra t=static e=drain_heal_extra v=1)
1013	Funeral Bell Omen	Omen	Crimson	Uncommon	3	null/null	obj(Funeral Bell Omen: Damage Any Target t=on_ally_dies e=damage_any_target v=2)
1014	Bloodcount Heir	Champion	Crimson	Uncommon	4	4/5	obj(Bloodcount Heir: Draw Cards t=on_gain_life e=draw_cards v=1 OT)
1015	Hall of Red Masks	Domain	Crimson	Uncommon	5	null/null	obj(Hall of Red Masks: First Ally Dies Return Hand t=on_ally_dies e=first_ally_dies_return_hand OT)
1016	Grave Feast Hound	Champion	Crimson	Uncommon	6	5/5	obj(Grave Feast Hound: Return From Graveyard t=enter_battlefield e=return_from_graveyard)
1017	First-Bite Aristocrat	Champion	Crimson	Rare	1	2/1	obj(First-Bite Aristocrat: Create Token t=dies e=create_token v=1)
1018	Moonlit Host	Champion	Crimson	Rare	2	2/3	obj(Moonlit Host: Buff Ally Toughness t=on_champion_played e=buff_ally_toughness v=1)
1019	Scarlet Accounting	Decree	Crimson	Rare	3	null/null	obj(Scarlet Accounting: Drain Life t=on_cast e=drain_life v=2) | obj(Scarlet Accounting: Draw Cards 2 t=on_cast e=draw_cards v=1)
1020	Lady of the Last Toast	Champion	Crimson	Rare	5	4/6	obj(Lady of the Last Toast: Damage Any Target t=on_gain_life e=damage_any_target v=1)
1021	Supper Unending	Omen	Crimson	Mythic	5	null/null	obj(Supper Unending: Omen Return Ally With 1 Life t=end_of_turn e=omen_return_ally_with_1_life)
1022	Sepulcher Ballroom	Domain	Crimson	Mythic	7	null/null	obj(Sepulcher Ballroom: Create Token t=on_sacrifice e=create_token v=1 OT)
1023	Count Serevan	Champion	Crimson	Legendary	3	3/5	Siphon | obj(Count Serevan: Buff Crimson Attack 2 t=static e=buff_crimson_attack v=1)
1024	Duchess Vhalora	Champion	Crimson	Legendary	5	5/6	obj(Duchess Vhalora: Drain Life t=on_ally_dies e=drain_life v=1 OT) | obj(Duchess Vhalora: Draw Cards 2 t=on_ally_dies e=draw_cards v=1 OT)
1032	Veil of Saffron	Omen	Lantern	Common	3	null/null	obj(Veil of Saffron: Reduce Combat Damage All t=end_of_turn e=reduce_combat_damage_all v=2)
1035	Watcher's Litany	Decree	Lantern	Uncommon	1	null/null	obj(Watcher's Litany: Reveal Card t=on_cast e=reveal_card) | obj(Watcher's Litany: Draw Cards 2 t=on_cast e=draw_cards v=1)
1036	Bramble-Eyed Sentinel	Champion	Lantern	Uncommon	2	2/3	Guard | obj(Bramble-Eyed Sentinel: Pump Self Stats 2 t=on_reveal e=pump_self_stats v=1)
1037	Halo Step	Relic	Lantern	Uncommon	3	null/null	obj(Halo Step: Next Card Costs Less t=on_reveal e=next_card_costs_less v=1 OT)
1038	Rite of Unmasking	Decree	Lantern	Uncommon	4	null/null	obj(Rite of Unmasking: Reveal Hidden t=on_cast e=reveal_hidden) | obj(Rite of Unmasking: Damage Hidden 2 t=on_cast e=damage_hidden v=2)
1040	Abbey Bell Omen	Omen	Lantern	Uncommon	6	null/null	obj(Abbey Bell Omen: Purge Target t=on_enemy_attack e=purge_target)
1041	Helsing, Dawn Marshal	Champion	Lantern	Rare	1	2/2	Guard | obj(Helsing, Dawn Marshal: Reveal Card 2 t=enter_battlefield e=reveal_card) | obj(Helsing, Dawn Marshal: Drain Life 3 t=enter_battlefield e=drain_life v=1)
1042	Sanctum Sentence	Decree	Lantern	Rare	2	null/null	obj(Sanctum Sentence: Purge Target t=on_cast e=purge_target) | obj(Sanctum Sentence: Draw Cards 2 t=on_cast e=draw_cards v=2)
1043	Vault of Stained Gold	Champion	Lantern	Rare	3	3/4	obj(Vault of Stained Gold: Drain Life t=on_reveal e=drain_life v=1)
1044	Exorcist's Verdict	Decree	Lantern	Rare	4	null/null	obj(Exorcist's Verdict: Purge Target t=on_cast e=purge_target) | obj(Exorcist's Verdict: Damage Any Target 2 t=on_cast e=damage_any_target v=3)
1045	Houndmaster of the Lantern	Champion	Lantern	Rare	4	4/4	obj(Houndmaster of the Lantern: Create Token t=on_ally_dies e=create_token v=1)
1046	Cathedral of Revealed Truth	Domain	Lantern	Rare	7	null/null	obj(Cathedral of Revealed Truth: Draw Cards t=on_reveal e=draw_cards v=1 OT)
1047	Abraham Van Helsing	Champion	Lantern	Legendary	2	3/3	Guard | obj(Abraham Van Helsing: Destroy Weakest Enemy 2 t=attacks e=destroy_weakest_enemy)
1048	High Curator Seraphine	Champion	Lantern	Legendary	4	4/5	obj(High Curator Seraphine: Purge Target t=on_reveal e=purge_target v=1 OT)
1059	Vanguard Spearline	Champion	Sunforged	Uncommon	1	2/2	obj(Vanguard Spearline: Grant Guard Self If Two Plus Attack t=attacks e=grant_guard_self_if_two_plus_attack)
1060	War Drum of the Ninth	Relic	Sunforged	Uncommon	2	null/null	obj(War Drum of the Ninth: Pump Stats Target t=attacks e=pump_stats_target v=1 OT)
1061	Sunforged Captain	Champion	Sunforged	Uncommon	3	3/4	obj(Sunforged Captain: Buff All Allies t=attacks e=buff_all_allies v=1)
1062	Press the Advance	Decree	Sunforged	Uncommon	4	null/null	obj(Press the Advance: Ready Two Champions t=on_cast e=ready_two_champions) | obj(Press the Advance: Pump Stats Target 2 t=on_cast e=pump_stats_target v=1)
1063	Field of Spears	Domain	Sunforged	Uncommon	4	null/null	obj(Field of Spears: Damage Any Target t=attacks e=damage_any_target v=1 OT)
1065	Alexander the Great	Champion	Sunforged	Rare	1	3/2	obj(Alexander the Great: Pump Stats Target t=attacks e=pump_stats_target v=1)
1066	Siege Anthem	Decree	Sunforged	Rare	2	null/null	obj(Siege Anthem: Buff All Allies t=on_cast e=buff_all_allies v=1) | obj(Siege Anthem: Grant Guard All Champions 2 t=on_cast e=grant_guard_all_champions)
1067	Phalanx Outrider	Champion	Sunforged	Rare	3	4/3	obj(Phalanx Outrider: Draw Cards t=attacks e=draw_cards v=1)
1068	Crest of the Unbroken Line	Relic	Sunforged	Rare	4	null/null	obj(Crest of the Unbroken Line: Drain Life t=attacks e=drain_life v=1 OT)
1069	Imperial Breakthrough	Decree	Sunforged	Rare	4	null/null	obj(Imperial Breakthrough: Buff All Allies t=on_cast e=buff_all_allies v=1) | obj(Imperial Breakthrough: Create Token 2 t=on_cast e=create_token v=1)
1070	Sunforged Warcamp	Domain	Sunforged	Rare	7	null/null	obj(Sunforged Warcamp: Create Token t=attacks e=create_token v=1 OT)
1071	King Mansa Musa	Champion	Sunforged	Legendary	2	2/4	obj(King Mansa Musa: Create Token t=on_gain_life e=create_token v=1)
1072	General Lysander	Champion	Sunforged	Legendary	4	5/5	Guard | obj(General Lysander: Ready Champion 2 t=attacks e=ready_champion)
1076	Refine the Sequence	Decree	Gilded	Common	2	null/null	obj(Refine the Sequence: Draw Then Discard t=on_cast e=draw_then_discard) | obj(Refine the Sequence: Gain Life 2 t=on_cast e=gain_life v=1)
1083	Index Runner	Relic	Gilded	Uncommon	1	null/null	obj(Index Runner: Scry 1 t=on_discard e=scry_1 OT)
1084	Process Engineer	Champion	Gilded	Uncommon	2	2/3	obj(Process Engineer: Pump Self Stats t=on_decree_played e=pump_self_stats v=1)
1085	False Prediction	Omen	Gilded	Uncommon	3	null/null	obj(False Prediction: Next Opponent Card Costs More t=end_of_turn e=next_opponent_card_costs_more v=2)
1086	Break the Loop	Decree	Gilded	Uncommon	4	null/null	obj(Break the Loop: Bounce Champion t=on_cast e=bounce_champion) | obj(Break the Loop: Draw Cards 2 t=on_cast e=draw_cards v=1)
1087	Vault of Small Miracles	Domain	Gilded	Uncommon	4	null/null	obj(Vault of Small Miracles: Drain Life t=on_non_draw_step e=drain_life v=1 OT)
1088	Sequence Overclock	Decree	Gilded	Uncommon	6	null/null	obj(Sequence Overclock: Next Two Cards Cost Less t=on_cast e=next_two_cards_cost_less v=1)
1089	Albert Einstein	Champion	Gilded	Rare	1	1/3	obj(Albert Einstein: Draw Then Discard t=on_decree_played e=draw_then_discard OT)
1090	Causal Tax	Decree	Gilded	Rare	2	null/null	obj(Causal Tax: Stat Change Target t=on_cast e=stat_change_target) | obj(Causal Tax: Stat Change Target 2 t=on_cast e=stat_change_target)
1091	Grand Theorem Clerk	Champion	Gilded	Rare	3	3/3	obj(Grand Theorem Clerk: Next Card Costs Less t=enter_battlefield e=next_card_costs_less v=1)
1092	Revoke the Answer	Decree	Gilded	Rare	4	null/null	obj(Revoke the Answer: Bounce Champion t=on_cast e=bounce_champion) | obj(Revoke the Answer: Discard Opponent 2 t=on_cast e=discard_opponent v=1)
1093	Paradox Mirror	Omen	Gilded	Rare	4	null/null	obj(Paradox Mirror: Next Decree Triggers Twice t=on_decree_played e=next_decree_triggers_twice)
1094	Archive of Endings	Champion	Gilded	Rare	7	4/6	obj(Archive of Endings: Return From Graveyard t=enter_battlefield e=return_from_graveyard)
1095	Mansa Musa, Ledger King	Champion	Gilded	Legendary	2	2/3	obj(Mansa Musa, Ledger King: Create Token t=on_gain_life e=create_token v=1) | obj(Mansa Musa, Ledger King: Create Token 2 t=on_non_draw_step e=create_token v=1)
1096	Chronarch Selene	Champion	Gilded	Legendary	4	4/5	obj(Chronarch Selene: Draw Cards t=on_second_card_played e=draw_cards v=1 OT)
1097	Mercenary Guide	Champion	Colorless	Common	1	1/2	obj(Mercenary Guide: Reveal Card t=enter_battlefield e=reveal_card)
1101	Portable Lantern	Relic	Colorless	Common	2	null/null	obj(Portable Lantern: Scry 1 t=on_reveal e=scry_1 OT)
1103	Roadside Protector	Champion	Colorless	Common	3	3/3	Guard | obj(Roadside Protector: Reveal Top Deck 2 t=enter_battlefield e=reveal_top_deck)
1104	Smuggler's Cache	Omen	Colorless	Common	3	null/null	obj(Smuggler's Cache: Omen Draw Gain Life If Neutral t=end_of_turn e=omen_draw_gain_life_if_neutral)
1105	Old Battlefield	Domain	Colorless	Common	4	null/null	obj(Old Battlefield: Pump Stats Target t=on_champion_played e=pump_stats_target v=1 OT)
1107	Wanderer's Counsel	Decree	Colorless	Uncommon	1	null/null	obj(Wanderer's Counsel: Gaze Upon t=on_cast e=scry_1 v=1) | obj(Wanderer's Counsel: Reveal Card 2 t=on_cast e=reveal_card)
1108	Auctioneer's Friend	Champion	Colorless	Uncommon	2	2/3	obj(Auctioneer's Friend: Pump Self Stats t=on_non_draw_step e=pump_self_stats v=1)
1109	Portable Forge	Relic	Colorless	Uncommon	3	null/null	obj(Portable Forge: First Discard Cost Less t=on_discard e=first_discard_cost_less OT)
1110	Crossroads Decision	Omen	Colorless	Uncommon	4	null/null	obj(Crossroads Decision: Omen Choice Draw Or Damage t=end_of_turn e=omen_choice_draw_or_damage)
1112	Borderless Treaty	Domain	Colorless	Uncommon	6	null/null	obj(Borderless Treaty: Drain Life t=static e=drain_life v=1 OT)
1113	Roving Duelist	Champion	Colorless	Rare	1	2/1	obj(Roving Duelist: Pump Self Stats t=attacks e=pump_self_stats v=2)
1114	Far-Way Merchant	Relic	Colorless	Rare	2	null/null	obj(Far-Way Merchant: Find Land t=on_gain_life e=ramp_search_land v=1 OT)
1115	Loaned Muscle	Champion	Colorless	Rare	3	3/3	obj(Loaned Muscle: Create Token t=dies e=create_token v=1)
1116	Open Road Gambit	Decree	Colorless	Rare	4	null/null	obj(Open Road Gambit: Ready Champion t=on_cast e=ready_champion) | obj(Open Road Gambit: Pump Stats Target 2 t=on_cast e=pump_stats_target v=1)
1117	Wayfarer's Omen	Omen	Colorless	Rare	4	null/null	obj(Wayfarer's Omen: Next Card Costs Less t=end_of_turn e=next_card_costs_less v=1)
1118	Hearth of Many Paths	Domain	Colorless	Rare	7	null/null	obj(Hearth of Many Paths: Extra Land t=static e=extra_land_per_turn v=1 OT)
1119	Contracted Blade	Champion	Colorless	Legendary	2	3/2	obj(Contracted Blade: Choose Faction Conditional Attack t=enter_battlefield e=choose_faction_conditional_attack)
1120	Archivist of the Road	Champion	Colorless	Legendary	4	2/5	obj(Archivist of the Road: Drain Life t=on_reveal e=drain_life v=1 OT) | obj(Archivist of the Road: Drain Life 2 t=on_draw e=drain_life v=1 OT)